company_name,website
Unknown,https://beerecruit.co.uk/contact-us/
Unknown,https://www.australasian.co.uk/contact-us/
Unknown,https://www.impact-london.com/contact-us/
Unknown,https://tiger-recruitment.com/about-us/contact/
Unknown,https://www.lrsuk.com/
Unknown,https://www.hwselect.com/contact-us
Unknown,https://www.twrecruitment.com/london
Unknown,https://www.ablrecruitment.com/contact-us/
Unknown,https://welovesalt.com/contact/
Unknown,https://www.greenrecruitmentcompany.com/contact-us/
Unknown,https://buildrec.com/contact/
Unknown,https://www.roberthalf.com/
Unknown,https://www.eurolondon.com/
Unknown,https://www.evenbreak.co.uk/
Unknown,https://tiger-recruitment.com/about-us/contact/
Unknown,https://www.reed.com/candidates/get-in-touch
Unknown,https://www.jac-recruitment.co.uk/about-us/work-with-us
Unknown,https://www.frontrecruitment.co.uk/contact/
Unknown,https://hire-ground.co.uk/contact/
Unknown,https://euro-recruitment.co.uk/contact-us/
Unknown,https://rulerecruitment.com/
Unknown,https://www.eligo.co.uk/contact-us/
Unknown,https://www.focalpointrecruitment.co.uk/contact
Unknown,https://www.thconsultants.co.uk/contact
Unknown,https://evolvewithinrecruitment.com/contact-us
Unknown,https://www.soarrecruitment.co.uk/contact
Unknown,https://www.berryrecruitment.co.uk/contact-berry
Unknown,https://www.therecruitmentshop.co.uk/
Unknown,https://www.pin-point.co.uk/contact-3
Unknown,https://www.kennethbrian.co.uk/
Unknown,https://www.lloydrecruitment.co.uk/
Unknown,https://www.worthrecruiting.me/cm/contact-us
Unknown,https://www.teamoneuk.com/
Unknown,https://e-personnelrecruitment.co.uk/contact/
Unknown,https://www.optimarecruitment.co.uk/
Unknown,https://www.tate.co.uk/contact-us/
Unknown,https://www.rockpoolrecruitment.co.uk/contact-us
Unknown,https://www.specialist-recruit.co.uk/
Unknown,https://www.jaderecruitment.net/
Unknown,https://www.youpersonnel.co.uk/contact-us
Unknown,https://www.strong-group.co.uk/
Unknown,https://www.cbsbutler.com/cm/contact-us
Unknown,https://yourrecruitgroup.com/
Unknown,https://harris-global.com/contact
Unknown,https://julieroserecruitment.co.uk/contact.html
Unknown,https://crosswaysrecruitment.co.uk/contact-us/
Unknown,https://www.temptingrecruitment.co.uk/contact
Unknown,https://www.impactnationwiderecruitment.co.uk/contact/
Unknown,https://www.laykarecruitment.com/contact/
Unknown,https://otrsales.co.uk/contact
Unknown,https://lindahillrecruitment.co.uk/contact-us/
Unknown,https://www.unity-recruitment.co.uk/contact-us
Unknown,https://responserecruitment.co.uk/
Unknown,https://londonjobs.london/contact.php
Unknown,https://www.sheridanward.co.uk/
Unknown,https://aesn.co.uk/contact-us/
Unknown,https://www.knightsbridgerecruitment.com/contact-us/
Unknown,https://www.rmsrecruitment.com/contact-us/
Unknown,https://www.loverecruitmentgroup.com/
Unknown,https://www.spotlightrecruitment.com/contact-us/
Unknown,https://platform-recruitment.com/contact-us
Unknown,https://www.ashbyjenkinsrecruitment.co.uk/
Unknown,https://www.tpp.co.uk/contact-us/
Unknown,https://www.investigo.co.uk/contact-us
Unknown,https://www.upgraderecruitment.co.uk/
Unknown,https://www.ontrakrecruitment.co.uk/contact-us
Unknown,https://fivepoint.co.uk/
Unknown,https://www.evorecruit.co.uk/contact
Unknown,https://dingorecruitment.com/contact/
Unknown,https://www.yellowcat.london/contact-us/
Unknown,https://www.netos.co.uk/contact
Unknown,https://www.getrecruited.io/say-hi
Unknown,https://www.thehingroup.com/contact/
Unknown,https://www.ruby-group.com/contact-us
Unknown,https://www.risetechnical.co.uk/contact-us?source=google.com
Unknown,https://www.planbrecruitment.co.uk/
Unknown,https://www.time2shinerecruitment.com/apply
Unknown,https://www.4leisurerecruitment.co.uk/contact/
Unknown,https://skilledhealthcarerecruitment.co.uk/contact-us/
Unknown,https://ortusrecruitment.com/contact/
Unknown,https://www.corr-recruitment.co.uk/contact/
Unknown,https://www.dobetterrecruitmentandstaffing.com/contact-us
Unknown,https://roiresources.co.uk/contact/
Unknown,https://www.vibeteaching.co.uk/connect/
Unknown,https://www.harrisonsrecruitment.com/contact-us
Unknown,https://www.daleyrecruitment.com/contact-us/
Unknown,https://www.extrastaff.com/branch-network?location=Head+Office&postcode=
Unknown,https://www.constructrecruitment.com/
Unknown,https://www.capstone-recruitment.com/contact-us
Unknown,https://www.park-avenue.co.uk/get-in-touch
Unknown,https://www.people-first.co.uk/contact
Unknown,https://carnegieconsulting.co.uk/contact-us/
Unknown,https://www.signaturerecruitment.co.uk/
Unknown,https://austindean.co.uk/
Unknown,https://www.pearrecruitment.com/systempages/contact-us
Unknown,https://fortusrec.co.uk/contact/
Unknown,https://publicsectorrecruitment.co.uk/Contact
Unknown,https://www.bblproperty.co.uk/contact-us/
Unknown,https://www.mosaic-recruitment.com/
Unknown,https://stormx.co.uk/contact
Unknown,https://www.blackpointrecruitment.co.uk/
Unknown,https://madisons.org.uk/
Unknown,https://www.jdsrecruitment.co.uk/contact-us/
Unknown,https://ignite-recruitment.co.uk/
Unknown,https://www.berryrecruitment.co.uk/contact-berry
Unknown,https://romans-rg.com/
Unknown,https://www.prs.uk.com/
Unknown,https://www.the-destiny.co.uk/contact.php
Unknown,https://www.fsr.uk.com/contact-us/
Unknown,https://www.major-recruitment.com/
Unknown,https://www.andersonrecruitment.co.uk/contact
Unknown,https://www.frame-recruitment.com/
Unknown,https://www.alliance-recruitment.com/contact
Unknown,https://www.elevationrecruitmentgroup.com/contact-us
Unknown,https://www.acceptrec.co.uk/contact-us
Unknown,https://www.amjrecruitment.co.uk/contact-us/
Unknown,https://www.fixedfeeplacements.co.uk/contact
Unknown,https://twentyfourgroup.co.uk/contact/
Unknown,https://www.larecruitment.net/
Unknown,https://www.worldteachers.net/contact-us.aspx
Unknown,https://www.connectrecruit.ie/contact
Unknown,https://arconrecruitment.com/contact-us/
Unknown,https://therecruitmentco.uk/contact/
Unknown,https://recruitmentpartnershipireland.co.uk/contact/
Unknown,https://nwesrecruitment.co.uk/
Unknown,https://www.psiglobalrecruitment.com/contact/
Unknown,https://www.deluxe-recruitment.co.uk/contact
Unknown,https://dcsrecruitment.com/contact-us/
Unknown,https://imperialrecruitmentgroup.com/contact/
Unknown,https://www.citrus-connect.co.uk/contact-us/
Unknown,https://thhrecruitment.co.uk/contact/
Unknown,https://conceptrecruitment.com/contact-us/
Unknown,https://www.essentialrecruitment.co.uk/contact-us/contact-the-management/
Unknown,https://optimise-recruitment.co.uk/contact/
Unknown,https://wise-recruitment.co.uk/contact-us/
Unknown,https://journeyrecruitment.co.uk/
Unknown,https://www.right-recruitment.com/contact.php
Unknown,https://xpertrecruitmentltd.co.uk/contact-us/
Unknown,https://i2irecruitment.co.uk/contact-us/
Unknown,https://www.precision-people.uk/
Unknown,https://www.pathrecruitment.com/?source=google.com
Unknown,https://responserecruitment.co.uk/our-offices/
Unknown,https://www.prosperity.ie/contact
Unknown,https://ecsrecruitment.ie/contact-us/
Unknown,https://hallrecruitment.ie/contact-us/
Unknown,https://www.prcrecruitment.ie/
Unknown,https://allenrec.com/contact-us/
Unknown,https://focusedrecruitment.co.uk/
Unknown,https://bluelynx.com/
Unknown,https://www.roberthalf.nl/nl/
Unknown,https://rgfstaffing.nl/contact
Unknown,https://abroad-experience.com/contact/
Unknown,https://www.ravecruitment.com/contact/
Unknown,https://joinrecruitment.nl/
Unknown,https://roberthalf.nl/
Unknown,https://adamsrecruitment.com/
Unknown,https://orange-quarter.com/contact/
Unknown,https://owliejobs.com/
Unknown,https://www.internationalpeoplesolutions.com/
Unknown,https://finestpeople.com/?utm_source=GMB
Unknown,https://www.bluebirdrecruitment.com/
Unknown,https://undutchables.nl/
Unknown,https://www.projobhouseofcareers.nl/contact
Unknown,https://www.nobelrecruitment.com/contact/
Unknown,https://www.robertwalters.nl/
Unknown,https://www.morganrecruitmentgroup.com/
Unknown,https://searchxrecruitment.com/en/contact-search-x-recruitment-eng/
Unknown,https://www.michaelpage.nl/contact/amsterdam
Unknown,https://www.nimbl-recruitment.com/contact
Unknown,https://sterrk.nl/contact
Unknown,https://foresightrecruitment.com/contact/
Unknown,https://www.cybersecuritydistrict.com/contact/
Unknown,https://eva-recruitment.nl/
Unknown,https://justinrecruitment.nl/contact
Unknown,https://rapidrecruitment.nl/
Unknown,https://www.sourceselect.nl/
Unknown,https://www.robertwalters.nl/contact/nederland.html
Unknown,https://ohanastone.nl/
Unknown,https://www.vooq.nl/
Unknown,https://www.redrecruitment.nl/contact
Unknown,https://pesrecruitment.com/contact/
Unknown,https://ieziewerkt.nl/contact/
Unknown,https://ps-recruitment.nl/
Unknown,https://www.vzmuitzendgroep.nl/
Unknown,https://opusrecruitment.nl/
Unknown,https://target21.nl/contact/
Unknown,https://findconnect.nl/
Unknown,https://seapeople.nl/
Unknown,https://www.rockrecruitment.be/nl/contact
Unknown,https://www.pa-recruitment.be/contact/
Unknown,https://headsandhunters.be/en/contact/
Unknown,https://www.pagepersonnel.be/contact-us/brussels
Unknown,https://hirering.eu/
Unknown,https://jameswoodman.com/fr/contact
Unknown,https://www.hospitality-jobs.eu/?lang=fr
Unknown,https://www.walterspeople.be/
Unknown,https://recruitup.be/
Unknown,https://amandis.be/nl/contact
Unknown,https://www.gentis.com/en
Unknown,https://www.wearesander.com/en/
Unknown,https://www.michaelpage.be/contact-us/brussels
Unknown,https://www.yourkingsley.com/
Unknown,https://generationsrecruitment.com/contact
Unknown,https://www.str8forward.be/
Unknown,https://www.fixxrecruitment.be/
Unknown,https://www.itzu.eu/
Unknown,https://farrow.nl/
Unknown,https://www.synergiejobs.be/
Unknown,https://www.chapeau-agency.be/
Unknown,https://www.novus-recruitment.com/
Unknown,https://www.idrecruitment.be/
Unknown,https://fuseengineering.com/en
Unknown,https://www.forumjobs.be/nl/kantoren/forum-jobs-sint-amandsberg
Unknown,https://oliverbenson.com/
Unknown,https://www.fiscaquest.be/
Unknown,https://www.pensaert-partners.com/
Unknown,https://www.go4jobs.be/
Unknown,https://www.visserrecruitment.nl/contact/
Unknown,https://www.jenesis.tech/
Unknown,https://www.caissarecruitment.com/contact
Unknown,https://www.approachpeople.com/germany
Unknown,https://teamuprecruitment.com/
Unknown,https://www.hrgorecruitment.pl/
Unknown,https://eastgaterecruitment.com/
Unknown,https://devsdata.com/recruitment
Unknown,https://axosrecruitment.com/
Unknown,https://h4h.com.pl/
Unknown,https://hthrecruitment.pl/
Unknown,https://kultys-re.com/en/home/
Unknown,https://nexttechnology.io/
Unknown,https://www.propertytalents.com/
Unknown,https://erecruiter.pl/
Unknown,https://www.europesolutions.co.uk/
Unknown,https://jagarecruitment.pl/
Unknown,https://talentholo.com/
Unknown,https://kiat.io/
Unknown,https://iview-recruitment.com/
Unknown,https://goldmanrecruitment.pl/
Unknown,https://pl.wyser-search.com/
Unknown,https://remodevs.com/
Unknown,https://jobontime.pl/
Unknown,https://work-in.pl/
Unknown,https://www.clyderecruit.com/contact-us/
Unknown,https://itfs.com/
Unknown,https://candidfuture.com/
Unknown,https://goodluckrecruitments.pl/
Unknown,https://aaeuro.com/pl/
Unknown,https://levelrecruitment.se/
Unknown,https://irg.se/
Unknown,https://www.startuprecruitment.se/
Unknown,https://www.sharprecruitment.se/
Unknown,https://www.emearecruitment.com/
Unknown,https://www.randstad.se/
Unknown,https://talentbureau.se/
Unknown,https://remoted.it/
Unknown,https://www.cruitive.com/en
Unknown,https://karisma.se/
Unknown,https://levelrecruitment.se/
Unknown,https://agilesearch.io/
Unknown,https://www.financerecruitment.se/
Unknown,https://www.michaelpage.se/kontakta-oss
Unknown,https://www.hays.se/
Unknown,https://www.nigelwright.com/se
Unknown,https://nexerrecruit.com/rekrytering-stockholm/
Unknown,https://ittalentturkey.com/
Unknown,https://levelup.ee/kontakt/
Unknown,https://www.nordgroup.io/
Unknown,https://brandem.ee/
Unknown,https://metisglobalrecruitment.com/contact-us/
Unknown,https://ittalent.ee/
Unknown,https://henkilostoasiantuntijat.fi/
Unknown,https://www.outokumpu.com/fi-fi
Unknown,https://tuocon.fi/yhteystiedot/jyvaskyla/
Unknown,https://go-on.fi/
Unknown,https://lokki.fi/
Unknown,https://patrio.fi/
Unknown,https://lokki.fi/
Unknown,https://eezy.fi/
Unknown,https://agentor.fi/
Unknown,https://www.rekrutteringshusetmork.no/
Unknown,https://hudsonnordic.no/
Unknown,https://www.randstad.no/
Unknown,https://www.nigelwright.com/no
Unknown,https://devsdata.com/it-recruitment-agency-oslo/
Unknown,https://www.nordicjobsworldwide.com/?source=google.com
Unknown,https://www.amby.com/
Unknown,https://www.norgesra.no/
Unknown,https://bjorgfjell.no/
Unknown,https://skygroup.no/
Unknown,https://www.ocean-rc.no/
Unknown,https://seafoodpeople.net/
Unknown,https://www.mde-group.com/no
Unknown,https://karriereflyt.no/
Unknown,https://www.eterni.no/
Unknown,https://eminentpeople.no/
Unknown,https://www.time2staff.no/
Unknown,https://www.onoffbemanning.no/
Unknown,https://www.standout.no/
Unknown,https://skutevikenpersonell.no/
Unknown,https://mosaker.no/
Unknown,https://www.bemex-rekruttering.no/
Unknown,https://temp-team.no/avdelinger/bergen
Unknown,https://www.academicwork.de/kontakt/muenchen
Unknown,https://opusone.team/
Unknown,https://k-recruiting.com/en-US
Unknown,https://www.hrrk.de/
Unknown,https://jnprecruitment.com/
Unknown,https://www.g2recruitment.com/office/munich/
Unknown,https://go-next.de/
Unknown,https://recruit-hero.de/
Unknown,https://4freelance.de/
Unknown,https://angeheuert.com/
Unknown,https://greifenberg.de/
Unknown,https://fivefinancerecruitment.de/
Unknown,https://www.jobactive.de/home
Unknown,https://austinbright.lu/en
Unknown,https://www.rhlab.lu/contactez-nous/
Unknown,https://www.morganphilips.com/en/get-in-touch
Unknown,https://greenfield.lu/
Unknown,https://www.gotofreedom.eu/en/
Unknown,https://jameswoodman.com/en
Unknown,https://eyetechsolutions.io/en
Unknown,https://www.krrecruitment.com/info/contact.asp
Unknown,https://www.freely.lu/
Unknown,https://andersonwise.com/
Unknown,https://www.lhh.com/lu/en/
Unknown,https://www.hays.lu/
Unknown,https://www.roberthalf.com/
Unknown,https://og-recruitment.com/
Unknown,https://www.high-recruitment-group.com/fr/le-groupe-hrg/high-potential-recruitment.html
Unknown,https://www.lhh.com/fr/fr/
Unknown,https://www.dorothydanahy.com/fr/
Unknown,https://www.dynamis-rh.com/
Unknown,https://www.pagepersonnel.fr/
Unknown,https://www.nigelwright.com/fr
Unknown,https://lowellpartners.com/?lang=en
Unknown,https://www.legaltalents.fr/
Unknown,https://www.apolloexecutive.com/
Unknown,https://aizenrecruitment.com/
Unknown,https://www.progressis.com/
Unknown,https://www.winsearch.fr/nos-implantations/paris
Unknown,https://www.highflyers.agency/
Unknown,https://www.approachpeople.com/france
Unknown,https://mobiskill.fr/
Unknown,https://morganmallet.agency/contact/paris-france/
Unknown,https://www.wearesander.com/fr/
Unknown,https://www.sengager.fr/
Unknown,https://www.derichebourg-interim.com/
Unknown,https://www.winsearch.fr/nos-implantations/rouen
Unknown,https://www.pagepersonnel.fr/nous-contacter/rouen
Unknown,https://www.lamarinerecrute.fr/
Unknown,https://www.selectrecruitment.je/
Unknown,https://ch.grafton.com/it
Unknown,https://www.sidler-sa.ch/
Unknown,https://www.oktopous.it/
Unknown,https://www.techyon.it/
Unknown,https://ffagencyofficial.com/
Unknown,https://salesline.it/
Unknown,https://www.antal.com/recruitment/italy-milan-pc
Unknown,https://www.joboutique.it/
Unknown,https://key2people.com/
Unknown,https://www.adamiassociati.com/
Unknown,https://www.michaelpage.it/contattaci/milano
Unknown,https://www.hays.it/
Unknown,https://www.hrtalent.it/
Unknown,https://gurujobs.it/
Unknown,https://www.cespim.it/
Unknown,https://www.adhr.it/?utm_source=google&utm_medium=schedafiliale
Unknown,https://www.adecco.it/
Unknown,https://www.mplavoro.it/
Unknown,https://www.adhr.it/?utm_source=google&utm_medium=schedafiliale
Unknown,https://it.futuremanagerworld.com/en/
Unknown,https://www.talentlobby.de/
Unknown,https://www.next-step4u.com/
Unknown,https://www.impetus-personal.at/
Unknown,https://www.zeel.ag/home.html
Unknown,https://www.siq-solution.com/
Unknown,https://jobheld.io/?utm=gmb
Unknown,https://www.jobshui.at/
Unknown,https://www.sales-talent.at/
Unknown,https://www.loewenkopf.at/
Unknown,https://mitarbeitermatch.at/
Unknown,https://angeheuert.com/
Unknown,https://emploi.at/
Unknown,https://dream-job.cz/
Unknown,https://www.dunrossrecruitment.com/
Unknown,https://europeanrecruitment.net/cs/
Unknown,https://www.hays.cz/?utm_source=places&utm_medium=organic&utm_campaign=Praha
Unknown,https://searchteam.eu/
Unknown,https://www.heatlark.com/
Unknown,https://www.reedglobal.cz/?source=google.com
Unknown,https://www.grafton.cz/cs
Unknown,https://nonstopconsulting.com/
Unknown,https://www.andrewpaulsen.cz/
Unknown,https://www.acjobs.cz/?page=1
Unknown,https://jit-recruitment.cz/
Unknown,https://www.profeskontakt.cz/
Unknown,https://www.alviso.cz/
Unknown,https://www.manpower.cz/en/
Unknown,https://www.goodcall.eu/en/
Unknown,https://www.axial.cz/
Unknown,https://www.manpower.cz/en/
Unknown,https://www.peopleconsulting.cz/en/
Unknown,https://www.agenturatriangle.cz/
Unknown,https://www.approachpeople.com/spain
Unknown,https://www.prontorecruitment.com/
Unknown,https://dhgrouplda.com/
Unknown,https://www.robertwalters.pt/
Unknown,https://www.highlanderhr.com/
Unknown,https://www.eurojobdk.com/
Unknown,https://www.jks.dk/for-vikarer/herning
Unknown,https://moveon.dk/career/
Unknown,https://www.moment.dk/
Unknown,https://itoptimiser.com/
Unknown,https://medicolink.com/
Unknown,https://selekt.dk/kontakt/
Unknown,https://tech-recruit.dk/
Unknown,https://prorecruit.dk/
Unknown,https://www.compasshrg.com/
Unknown,https://www.moment.dk/
Unknown,https://uhc.dk/
Unknown,https://bloom.dk/
Unknown,https://humantrust.dk/
Unknown,https://www.scr.dk/
Unknown,https://powerdoc.dk/
Unknown,https://www.smedegaardhr.dk/
Unknown,https://actief-hartmanns.dk/
Unknown,https://foodjobnordic.com/en/
Unknown,https://recruit-it.dk/
Unknown,https://www.peakrekruttering.dk/
Unknown,https://www.peopleexecutive.dk/da/on-demand/
Unknown,https://kursmodfremtiden.dk/
Unknown,https://recruit-it.dk/
Unknown,https://www.koldpartners.com/da/
Unknown,https://www.manpowersupport.dk/
Unknown,https://www.workindenmark.dk/about-workindenmark/contact-information/
Unknown,https://hr-on.com/en/
Unknown,https://www.senecarecruitment.com/
Unknown,https://dkvikarservice.dk/
Unknown,https://resourceplanet.dk/
Unknown,https://actief-hartmanns.dk/
Unknown,https://sam-int.com/da
Unknown,https://karsberg.net/
Unknown,https://selectors.dk/
Unknown,https://temp-team.dk/kontakt-os/kontakt-os-kontorer/kolding
Unknown,https://gml-hr.dk/
